title,artist,genre,mood,energy,tempo_bpm
Sunshine Vibes,DJ Sunny,pop,happy,0.8,120
Midnight Drive,Luna Wave,r&b,chill,0.4,90
Electric Pulse,Beat Master,electronic,energetic,0.9,140
Rainy Thoughts,Mellow Mike,indie,sad,0.3,85
Bass Drop City,DJ Thunder,electronic,energetic,0.95,150
Acoustic Morning,Sarah Strings,folk,happy,0.5,100
Dark Alley,The Shadows,rock,intense,0.85,130
Ocean Breeze,Coastal Dreams,pop,chill,0.45,95
Fire Starter,Blaze Band,rock,intense,0.9,145
Lullaby Lane,Soft Tones,indie,sad,0.2,70
Neon Nights,Synth City,electronic,happy,0.75,128
Golden Hour,Amber Light,pop,chill,0.5,105
Thunderstorm,Heavy Hitters,rock,intense,0.95,155
Velvet Dreams,Jazz Cat,r&b,chill,0.35,88
Summer Festival,Party Crew,pop,happy,0.85,125
Lonely Highway,Desert Wind,country,sad,0.4,92
Code & Coffee,Lo-Fi Larry,indie,chill,0.3,80
Gym Hero,Power Track,electronic,energetic,0.95,160
Campfire Song,Folk Friends,folk,happy,0.55,98
Deep Focus,Ambient Waves,indie,chill,0.25,75
